E,E_ana,L,L_ana,N,N_ana,a_final,a_final_ana,a_initial,a_initial_ana,conservation,conservation_ana,deltaz,deltaz_ana,dt,iterations,method,program_time,skewness,skewness_ana,stdev,stdev_ana,time_ana
150.0,150.0,100.0,100.0,256.0,256.0,0.9999999993608324,0.9999999993701264,0.9999999995092282,0.9999999995092282,99.99999998516041,99.99999998608982,5.0,5.0,1e-20,55067.0,pe,21.425520181655884,-2.29071131087192e-06,-2.2906983977629746e-06,5.040476697967861,5.040476690194479,2.1739578124997403e-14
150.0,150.0,100.0,100.0,256.0,256.0,0.9999999993677973,0.9999999993694235,0.9999999995092282,0.9999999995092282,99.9999999858569,99.99999998601952,5.0,5.0,5e-20,11014.0,pe,4.239171981811523,-2.297219736291946e-06,-2.2972253382370667e-06,5.040481091380566,5.040481095278413,2.17407656249974e-14
150.0,150.0,100.0,100.0,256.0,256.0,0.9999999993686381,0.9999999993694235,0.9999999995092282,0.9999999995092282,99.99999998594099,99.99999998601952,5.0,5.0,1e-19,5507.0,pe,2.8591933250427246,-2.2972197362902018e-06,-2.2972253382370667e-06,5.040481091381841,5.040481095278413,2.17407656249974e-14
150.0,150.0,100.0,100.0,256.0,256.0,0.99999999936215,0.9999999993623114,0.9999999995092282,0.9999999995092282,99.99999998529218,99.99999998530832,5.0,5.0,5e-19,1102.0,pe,0.456622838973999,-2.3632700447579345e-06,-2.363277219603149e-06,5.0405250385308795,5.040525043263235,2.1752609374997397e-14
150.0,150.0,100.0,100.0,256.0,256.0,0.9999999993622188,0.9999999993623114,0.9999999995092282,0.9999999995092282,99.99999998529906,99.99999998530832,5.0,5.0,1e-18,551.0,pe,0.37674546241760254,-2.3632700195006995e-06,-2.363277219603149e-06,5.04052503853081,5.040525043263235,2.1752609374997397e-14
150.0,150.0,100.0,100.0,256.0,256.0,0.9999999992488747,0.9999999992488938,0.9999999995092282,0.9999999995092282,99.99999997396465,99.99999997396655,5.0,5.0,5e-18,111.0,pe,0.042900800704956055,-3.434673059956915e-06,-3.4346864625834936e-06,5.041113273552598,5.041113279784901,2.1910523437497372e-14
150.0,150.0,100.0,100.0,256.0,256.0,0.9999999990518619,0.9999999990518692,0.9999999995092282,0.9999999995092282,99.99999995426336,99.9999999542641,5.0,5.0,1e-17,56.0,pe,0.023568391799926758,-5.448425190045955e-06,-5.44842779541069e-06,5.041854536854971,5.041854537624741,2.2107914062497338e-14
150.0,150.0,100.0,100.0,256.0,256.0,0.9999999854856954,0.9999999854856911,0.9999999995092282,0.9999999995092282,99.99999859764671,99.99999859764628,5.0,5.0,5e-17,12.0,pe,0.004595279693603516,-0.00017308347934863637,-0.00017308355789268017,5.048039697428852,5.0480396983215785,2.3687050781247055e-14
150.0,150.0,100.0,100.0,256.0,256.0,0.9999999854856962,0.9999999854856911,0.9999999995092282,0.9999999995092282,99.9999985976468,99.99999859764628,5.0,5.0,1e-16,6.0,pe,0.0025701522827148438,-0.00017308347939892386,-0.00017308355789268017,5.048039697428871,5.0480396983215785,2.3687050781247055e-14
150.0,150.0,100.0,100.0,256.0,256.0,0.9999996295326256,0.9999999453019036,0.9999999995092282,0.9999999995092282,99.99996300233971,99.99999457926754,5.0,5.0,5e-16,4.0,pe,0.001825094223022461,-0.004591421145526961,-0.0007266533583625853,5.510819064343377,5.051013586334696,2.4394999999996923e-14
150.0,150.0,100.0,100.0,512.0,512.0,0.9999999994073481,0.9999999994204498,0.9999999995069945,0.9999999995069945,99.99999999003536,99.99999999134553,5.0,5.0,1e-20,55067.0,pe,22.34322500228882,-2.8223731243416666e-06,-2.822357561612964e-06,5.040476790051129,5.040476782268306,2.1739578124997403e-14
150.0,150.0,100.0,100.0,512.0,512.0,0.9999999994178446,0.9999999994202637,0.9999999995069945,0.9999999995069945,99.999999991085,99.99999999132693,5.0,5.0,5e-20,11014.0,pe,4.4702959060668945,-2.8309136710188596e-06,-2.8309210229501208e-06,5.0404811838597405,5.040481187755327,2.17407656249974e-14
150.0,150.0,100.0,100.0,512.0,512.0,0.999999999418862,0.9999999994202637,0.9999999995069945,0.9999999995069945,99.99999999118675,99.99999999132693,5.0,5.0,1e-19,5507.0,pe,2.254173755645752,-2.830913502634578e-06,-2.8309210229501208e-06,5.040481183858357,5.040481187755327,2.17407656249974e-14
150.0,150.0,100.0,100.0,512.0,512.0,0.9999999994180183,0.9999999994182549,0.9999999995069945,0.9999999995069945,99.99999999110238,99.99999999112605,5.0,5.0,5e-19,1102.0,pe,0.4666941165924072,-2.91690948939323e-06,-2.916918775874816e-06,5.0405251349649784,5.04052513969765,2.1752609374997397e-14
150.0,150.0,100.0,100.0,512.0,512.0,0.9999999994181348,0.9999999994182549,0.9999999995069945,0.9999999995069945,99.99999999111404,99.99999999112605,5.0,5.0,1e-18,551.0,pe,0.22336101531982422,-2.9169094641360407e-06,-2.916918775874816e-06,5.040525134964897,5.04052513969765,2.1752609374997397e-14
150.0,150.0,100.0,100.0,512.0,512.0,0.9999999993458919,0.9999999993459179,0.9999999995069945,0.9999999995069945,99.99999998388974,99.99999998389234,5.0,5.0,5e-18,111.0,pe,0.04485940933227539,-4.24845009735803e-06,-4.24846808377211e-06,5.041113415850075,5.0411134220832245,2.1910523437497372e-14
150.0,150.0,100.0,100.0,512.0,512.0,0.9999999992383718,0.9999999992383843,0.9999999995069945,0.9999999995069945,99.99999997313773,99.99999997313898,5.0,5.0,1e-17,56.0,pe,0.023347854614257812,-6.7669923960663715e-06,-6.7669957831842375e-06,5.041854770317447,5.04185477108735,2.2107914062497338e-14
150.0,150.0,100.0,100.0,512.0,512.0,0.9999999916637484,0.9999999916637474,0.9999999995069945,0.9999999995069945,99.9999992156754,99.9999992156753,5.0,5.0,5e-17,12.0,pe,0.0053348541259765625,-0.00021040740023861918,-0.00021040749448597793,5.04804628329862,5.048046284194031,2.3687050781247055e-14
150.0,150.0,100.0,100.0,512.0,512.0,0.9999999916637499,0.9999999916637474,0.9999999995069945,0.9999999995069945,99.99999921567554,99.9999992156753,5.0,5.0,1e-16,6.0,pe,0.0032088756561279297,-0.00021040740025538224,-0.00021040749448597793,5.04804628329862,5.048046284194031,2.3687050781247055e-14
150.0,150.0,100.0,100.0,1024.0,1024.0,0.9999999994529508,0.9999999994596922,0.9999999995067408,0.9999999995067408,99.999999994621,99.99999999529514,5.0,5.0,1e-20,55067.0,pe,26.58705997467041,-3.16193543085338e-06,-3.1619187499244356e-06,5.040476849833957,5.040476842051051,2.1739578124997403e-14
150.0,150.0,100.0,100.0,1024.0,1024.0,0.9999999994582347,0.9999999994596863,0.9999999995067408,0.9999999995067408,99.9999999951494,99.99999999529454,5.0,5.0,5e-20,11014.0,pe,5.324333190917969,-3.1711204138178644e-06,-3.171127874410405e-06,5.04048124377373,5.040481247669822,2.17407656249974e-14
150.0,150.0,100.0,100.0,1024.0,1024.0,0.9999999994588651,0.9999999994596863,0.9999999995067408,0.9999999995067408,99.99999999521243,99.99999999529454,5.0,5.0,1e-19,5507.0,pe,2.6604437828063965,-3.171119992852813e-06,-3.171127874410405e-06,5.040481243772954,5.040481247669822,2.17407656249974e-14
150.0,150.0,100.0,100.0,1024.0,1024.0,0.9999999994585083,0.9999999994586494,0.9999999995067408,0.9999999995067408,99.99999999517675,99.99999999519086,5.0,5.0,5e-19,1102.0,pe,0.5269975662231445,-3.263511668956211e-06,-3.263521375416505e-06,5.040525196001145,5.040525200733898,2.1752609374997397e-14
150.0,150.0,100.0,100.0,1024.0,1024.0,0.9999999994585838,0.9999999994586494,0.9999999995067408,0.9999999995067408,99.9999999951843,99.99999999519086,5.0,5.0,1e-18,551.0,pe,0.2703211307525635,-3.2635115595078524e-06,-3.263521375416505e-06,5.0405251960011075,5.040525200733898,2.1752609374997397e-14
150.0,150.0,100.0,100.0,1024.0,1024.0,0.9999999994245589,0.9999999994245709,0.9999999995067408,0.9999999995067408,99.9999999917818,99.999999991783,5.0,5.0,5e-18,111.0,pe,0.05378079414367676,-4.7894279296477145e-06,-4.789446646259954e-06,5.041113512809488,5.0411135190427325,2.1910523437497372e-14
150.0,150.0,100.0,100.0,1024.0,1024.0,0.9999999993723807,0.9999999993723884,0.9999999995067408,0.9999999995067408,99.99999998656399,99.99999998656476,5.0,5.0,1e-17,56.0,pe,0.027316808700561523,-7.58462947538971e-06,-7.584633156568395e-06,5.041854918523954,5.041854919293876,2.2107914062497338e-14
150.0,150.0,100.0,100.0,1024.0,1024.0,0.9999999953724897,0.9999999953724894,0.9999999995067408,0.9999999995067408,99.99999958657489,99.99999958657486,5.0,5.0,5e-17,12.0,pe,0.006505250930786133,-0.0002324426463950941,-0.00023244275181118074,5.048050179620095,5.0480501805174605,2.3687050781247055e-14
150.0,150.0,100.0,100.0,1024.0,1024.0,0.9999999953724907,0.9999999953724894,0.9999999995067408,0.9999999995067408,99.99999958657499,99.99999958657486,5.0,5.0,1e-16,6.0,pe,0.0034666061401367188,-0.00023244264636156802,-0.00023244275181118074,5.048050179620095,5.0480501805174605,2.3687050781247055e-14
150.0,150.0,100.0,100.0,2048.0,2048.0,0.9999999994867642,0.9999999994821388,0.9999999995067105,0.9999999995067105,99.99999999800536,99.99999999754283,5.0,5.0,1e-20,55067.0,pe,35.1704740524292,-3.3454210735885887e-06,-3.345404124079719e-06,5.040476882332037,5.040476874554619,2.1739578124997403e-14
150.0,150.0,100.0,100.0,2048.0,2048.0,0.9999999994829524,0.9999999994820731,0.9999999995067105,0.9999999995067105,99.99999999762419,99.99999999753625,5.0,5.0,5e-20,11014.0,pe,7.027994632720947,-3.354752030750072e-06,-3.3547603917839053e-06,5.040481276283889,5.040481280180517,2.17407656249974e-14
150.0,150.0,100.0,100.0,2048.0,2048.0,0.9999999994825668,0.9999999994820731,0.9999999995067105,0.9999999995067105,99.99999999758563,99.99999999753625,5.0,5.0,1e-19,5507.0,pe,3.545984983444214,-3.3547521065244584e-06,-3.3547603917839053e-06,5.040481276283681,5.040481280180517,2.17407656249974e-14
150.0,150.0,100.0,100.0,2048.0,2048.0,0.9999999994811205,0.9999999994810146,0.9999999995067105,0.9999999995067105,99.999999997441,99.99999999743041,5.0,5.0,5e-19,1102.0,pe,0.7456207275390625,-3.450153388134149e-06,-3.4501643653535162e-06,5.040525228927473,5.040525233660516,2.1752609374997397e-14
150.0,150.0,100.0,100.0,2048.0,2048.0,0.9999999994810775,0.9999999994810146,0.9999999995067105,0.9999999995067105,99.9999999974367,99.99999999743041,5.0,5.0,1e-18,551.0,pe,0.3597087860107422,-3.4501534639059706e-06,-3.4501643653535162e-06,5.040525228927555,5.040525233660516,2.1752609374997397e-14
150.0,150.0,100.0,100.0,2048.0,2048.0,0.9999999994660732,0.9999999994660657,0.9999999995067105,0.9999999995067105,99.99999999593626,99.99999999593551,5.0,5.0,5e-18,111.0,pe,0.07008647918701172,-5.072167537493199e-06,-5.072186177310489e-06,5.041113563550939,5.041113569784221,2.1910523437497372e-14
150.0,150.0,100.0,100.0,2048.0,2048.0,0.9999999994386259,0.9999999994386224,0.9999999995067105,0.9999999995067105,99.99999999319154,99.99999999319118,5.0,5.0,1e-17,56.0,pe,0.03599953651428223,-7.998027111591555e-06,-7.998030859880142e-06,5.041854993174117,5.041854993944072,2.2107914062497338e-14
150.0,150.0,100.0,100.0,2048.0,2048.0,0.9999999973792223,0.9999999973792204,0.9999999995067105,0.9999999995067105,99.99999978725117,99.99999978725099,5.0,5.0,5e-17,12.0,pe,0.010401248931884766,-0.00024441016245387503,-0.00024441027334481404,5.048052294125999,5.048052295024311,2.3687050781247055e-14
150.0,150.0,100.0,100.0,2048.0,2048.0,0.9999999973792218,0.9999999973792204,0.9999999995067105,0.9999999995067105,99.99999978725113,99.99999978725099,5.0,5.0,1e-16,6.0,pe,0.00487828254699707,-0.00024441016231977543,-0.00024441027334481404,5.048052294125968,5.048052295024311,2.3687050781247055e-14
150.0,150.0,100.0,100.0,4096.0,4096.0,0.999999999500104,0.9999999994941874,0.9999999995067067,0.9999999995067067,99.99999999933974,99.99999999874807,5.0,5.0,1e-20,55067.0,pe,49.925620555877686,-3.44339698060592e-06,-3.4433793916898133e-06,5.0404768996633535,5.040476891881142,2.1739578124997403e-14
150.0,150.0,100.0,100.0,4096.0,4096.0,0.9999999994952639,0.999999999494127,0.9999999995067067,0.9999999995067067,99.99999999885571,99.99999999874203,5.0,5.0,5e-20,11014.0,pe,9.923075914382935,-3.4525331276271864e-06,-3.4525409916953074e-06,5.040481293585071,5.04048129748091,2.17407656249974e-14
150.0,150.0,100.0,100.0,4096.0,4096.0,0.9999999994947139,0.999999999494127,0.9999999995067067,0.9999999995067067,99.99999999880072,99.99999999874203,5.0,5.0,1e-19,5507.0,pe,5.0060508251190186,-3.4525330686932644e-06,-3.4525409916953074e-06,5.040481293584395,5.04048129748091,2.17407656249974e-14
150.0,150.0,100.0,100.0,4096.0,4096.0,0.9999999994936545,0.9999999994935468,0.9999999995067067,0.9999999995067067,99.99999999869478,99.999999998684,5.0,5.0,5e-19,1102.0,pe,1.0090398788452148,-3.5536948469871204e-06,-3.5537063543182234e-06,5.040525247144344,5.040525251877571,2.1752609374997397e-14
150.0,150.0,100.0,100.0,4096.0,4096.0,0.999999999493619,0.9999999994935468,0.9999999995067067,0.9999999995067067,99.99999999869122,99.999999998684,5.0,5.0,1e-18,551.0,pe,0.5258975028991699,-3.5536947375383862e-06,-3.5537063543182234e-06,5.040525247144489,5.040525251877571,2.1752609374997397e-14
150.0,150.0,100.0,100.0,4096.0,4096.0,0.9999999994861408,0.9999999994861296,0.9999999995067067,0.9999999995067067,99.99999999794342,99.9999999979423,5.0,5.0,5e-18,111.0,pe,0.09907364845275879,-5.206822267519997e-06,-5.206841504384679e-06,5.041113587838062,5.041113594071463,2.1910523437497372e-14
150.0,150.0,100.0,100.0,4096.0,4096.0,0.9999999994721089,0.9999999994721023,0.9999999995067067,0.9999999995067067,99.99999999654023,99.99999999653956,5.0,5.0,1e-17,56.0,pe,0.050925254821777344,-8.206324368183898e-06,-8.206328385575284e-06,5.041855030820424,5.041855031590397,2.2107914062497338e-14
150.0,150.0,100.0,100.0,4096.0,4096.0,0.999999998428751,0.999999998428749,0.9999999995067067,0.9999999995067067,99.99999989220443,99.99999989220423,5.0,5.0,5e-17,12.0,pe,0.012211322784423828,-0.00025068836215961246,-0.0002506884768019391,5.04805340276013,5.048053403659108,2.3687050781247055e-14
150.0,150.0,100.0,100.0,4096.0,4096.0,0.9999999984287499,0.999999998428749,0.9999999995067067,0.9999999995067067,99.99999989220431,99.99999989220423,5.0,5.0,1e-16,6.0,pe,0.007027387619018555,-0.0002506883622434257,-0.0002506884768019391,5.048053402760142,5.048053403659108,2.3687050781247055e-14
150.0,150.0,250.0,250.0,512.0,512.0,0.999981722494444,0.9999817225122392,1.0,1.0,99.9981722494444,99.99817225122392,5.0,5.0,1e-20,63663.0,pe,26.088717699050903,-2.9023580888533087,-2.902358074494511,24.677266272946916,24.677265851097324,2.5133144531246797e-14
150.0,150.0,250.0,250.0,512.0,512.0,0.9999817209471702,0.9999817209446309,1.0,1.0,99.99817209471702,99.99817209446309,5.0,5.0,5e-20,12733.0,pe,5.18713116645813,-2.902382330230377,-2.9023824202560125,24.677977361490125,24.67798000218252,2.513393749999679e-14
150.0,150.0,250.0,250.0,512.0,512.0,0.9999817170458817,0.9999817170521269,1.0,1.0,99.99817170458817,99.99817170521268,5.0,5.0,1e-19,6367.0,pe,2.6010234355926514,-2.902442927982995,-2.9024428592634925,24.679755070911412,24.679753054734164,2.5135906249996792e-14
150.0,150.0,250.0,250.0,512.0,512.0,0.999981693615618,0.999981693619926,1.0,1.0,99.99816936156179,99.9981693619926,5.0,5.0,5e-19,1274.0,pe,0.533031702041626,-2.902806344826675,-2.902806283053236,24.690420959686005,24.690419146012967,2.5147749999996788e-14
150.0,150.0,250.0,250.0,512.0,512.0,0.9999816936157744,0.999981693619926,1.0,1.0,99.99816936157744,99.9981693619926,5.0,5.0,1e-18,637.0,pe,0.26939868927001953,-2.9028063448269132,-2.902806283053236,24.690420959684566,24.690419146012967,2.5147749999996788e-14
150.0,150.0,250.0,250.0,512.0,512.0,0.9999814578393716,0.9999814578389372,1.0,1.0,99.99814578393716,99.99814578389372,5.0,5.0,5e-18,128.0,pe,0.05209660530090332,-2.906424639000015,-2.9064246460965393,24.79704490290705,24.797045112794326,2.5266187499996763e-14
150.0,150.0,250.0,250.0,512.0,512.0,0.9999814578393872,0.9999814578389372,1.0,1.0,99.99814578393872,99.99814578389372,5.0,5.0,1e-17,64.0,pe,0.026713132858276367,-2.906424639000039,-2.9064246460965393,24.79704490290688,24.797045112794326,2.5266187499996763e-14
150.0,150.0,250.0,250.0,512.0,512.0,0.999980652374726,0.9999806523803274,1.0,1.0,99.9980652374726,99.99806523803274,5.0,5.0,5e-17,13.0,pe,0.00597691535949707,-2.9182834473644457,-2.918283367504235,25.151985390270593,25.15198297176146,2.5660968749996692e-14
150.0,150.0,250.0,250.0,512.0,512.0,0.9999761275662618,0.9999761275705473,1.0,1.0,99.99761275662618,99.99761275705474,5.0,5.0,1e-16,7.0,pe,0.003404855728149414,-2.9735490462039547,-2.9735490011444417,26.91419466143162,26.91419315560138,2.7634890624996337e-14
150.0,150.0,250.0,250.0,512.0,512.0,0.9999124463323229,0.9999124463284493,1.0,1.0,99.99124463323228,99.99124463284494,5.0,5.0,5e-16,2.0,pe,0.0013813972473144531,-3.266698445191651,-3.266698455950611,36.5297999654159,36.52980021274093,3.947841796874419e-14
150.0,150.0,250.0,250.0,1024.0,1024.0,0.9999999999863634,0.9999999999999998,1.0,1.0,99.99999999863634,99.99999999999997,5.0,5.0,1e-20,55067.0,pe,26.440389394760132,-9.092902493960795e-13,0.0,5.040476489627133,5.04047648186512,2.1739578124997403e-14
150.0,150.0,250.0,250.0,1024.0,1024.0,0.9999999999973298,0.9999999999999999,1.0,1.0,99.99999999973298,99.99999999999999,5.0,5.0,5e-20,11014.0,pe,5.2779998779296875,-7.577398934325149e-14,4.20966606485786e-14,5.0404808822949425,5.040480886193233,2.17407656249974e-14
150.0,150.0,250.0,250.0,1024.0,1024.0,0.9999999999986016,0.9999999999999999,1.0,1.0,99.99999999986015,99.99999999999999,5.0,5.0,1e-19,5507.0,pe,2.646857261657715,-1.2628998223867695e-13,4.20966606485786e-14,5.040480882295947,5.040480886193233,2.17407656249974e-14
150.0,150.0,250.0,250.0,1024.0,1024.0,0.9999999999997401,0.9999999999999999,1.0,1.0,99.99999999997401,99.99999999999999,5.0,5.0,5e-19,1102.0,pe,0.5651373863220215,-8.419111970981212e-14,0.0,5.040524821793737,5.0405248265255365,2.1752609374997397e-14
150.0,150.0,250.0,250.0,1024.0,1024.0,0.9999999999998699,0.9999999999999999,1.0,1.0,99.99999999998698,99.99999999999999,5.0,5.0,1e-18,551.0,pe,0.26543188095092773,-2.525733591294136e-14,0.0,5.040524821793888,5.0405248265255365,2.1752609374997397e-14
150.0,150.0,250.0,250.0,1024.0,1024.0,0.9999999999999722,0.9999999999999998,1.0,1.0,99.99999999999723,99.99999999999997,5.0,5.0,5e-18,111.0,pe,0.05334591865539551,8.416165726332822e-15,2.524849708537811e-14,5.041112931517482,5.041112937748227,2.1910523437497372e-14
150.0,150.0,250.0,250.0,1024.0,1024.0,0.9999999999999857,0.9999999999999999,1.0,1.0,99.99999999999856,99.99999999999999,5.0,5.0,1e-17,56.0,pe,0.02734971046447754,1.6824910796702568e-14,-2.5237366183499068e-14,5.041853953106647,5.041853953876108,2.2107914062497338e-14
150.0,150.0,250.0,250.0,1024.0,1024.0,0.999999999999997,0.9999999999999998,1.0,1.0,99.9999999999997,99.99999999999997,5.0,5.0,5e-17,12.0,pe,0.0064411163330078125,1.6763360585204333e-14,5.029008172924692e-14,5.048017159223087,5.048017160105278,2.3687050781247055e-14
150.0,150.0,250.0,250.0,1024.0,1024.0,0.9999999999999988,0.9999999999999998,1.0,1.0,99.99999999999987,99.99999999999997,5.0,5.0,1e-16,6.0,pe,0.003649473190307617,-6.70534423408161e-14,5.029008172924692e-14,5.048017159223118,5.048017160105278,2.3687050781247055e-14
150.0,150.0,250.0,250.0,1024.0,1024.0,0.9999999999999996,0.9999999999999999,1.0,1.0,99.99999999999996,99.99999999999999,5.0,5.0,5e-16,2.0,pe,0.0016131401062011719,-3.828298857822498e-13,6.380498087381872e-13,5.132271870724591,5.132271873134736,3.947841796874419e-14
150.0,150.0,250.0,250.0,2048.0,2048.0,1.0000000000058507,1.0000000000000002,1.0,1.0,100.00000000058506,100.00000000000003,5.0,5.0,1e-20,55067.0,pe,35.9623646736145,5.893547912694453e-14,-1.6838708399941113e-14,5.040476489643643,5.040476481865133,2.1739578124997403e-14
150.0,150.0,250.0,250.0,2048.0,2048.0,1.0000000000009783,1.0000000000000002,1.0,1.0,100.00000000009783,100.00000000000003,5.0,5.0,5e-20,11014.0,pe,7.193035364151001,-7.577398934313897e-14,-8.419332129715657e-15,5.040480882297437,5.040480886193245,2.17407656249974e-14
150.0,150.0,250.0,250.0,2048.0,2048.0,1.000000000000625,1.0000000000000002,1.0,1.0,100.0000000000625,100.00000000000003,5.0,5.0,1e-19,5507.0,pe,3.564969539642334,-4.209666074617438e-14,-8.419332129715657e-15,5.040480882297993,5.040480886193245,2.17407656249974e-14
150.0,150.0,250.0,250.0,2048.0,2048.0,1.000000000000099,1.0000000000000002,1.0,1.0,100.0000000000099,100.00000000000003,5.0,5.0,5e-19,1102.0,pe,0.731208086013794,-1.6838223941959766e-14,-1.6838223894541703e-14,5.040524821794001,5.0405248265255365,2.1752609374997397e-14
150.0,150.0,250.0,250.0,2048.0,2048.0,1.0000000000000457,1.0000000000000002,1.0,1.0,100.00000000000458,100.00000000000003,5.0,5.0,1e-18,551.0,pe,0.3807823657989502,-3.3676447883919134e-14,-1.6838223894541703e-14,5.040524821794022,5.0405248265255365,2.1752609374997397e-14
150.0,150.0,250.0,250.0,2048.0,2048.0,1.0000000000000102,1.0000000000000002,1.0,1.0,100.00000000000102,100.00000000000003,5.0,5.0,5e-18,111.0,pe,0.07125425338745117,-8.416165726332601e-15,1.6832331390252017e-14,5.041112931517526,5.041112937748232,2.1910523437497372e-14
150.0,150.0,250.0,250.0,2048.0,2048.0,1.0000000000000058,1.0000000000000002,1.0,1.0,100.00000000000058,100.00000000000003,5.0,5.0,1e-17,56.0,pe,0.036244869232177734,8.412455398351156e-15,4.206227697249892e-14,5.041853953106672,5.041853953876089,2.2107914062497338e-14
150.0,150.0,250.0,250.0,2048.0,2048.0,1.000000000000001,1.0000000000000002,1.0,1.0,100.00000000000011,100.00000000000003,5.0,5.0,5e-17,12.0,pe,0.008517026901245117,5.0290081755612643e-14,-1.676336057641552e-14,5.048017159223099,5.048017160105291,2.3687050781247055e-14
150.0,150.0,250.0,250.0,2048.0,2048.0,1.0000000000000004,1.0000000000000002,1.0,1.0,100.00000000000004,100.00000000000003,5.0,5.0,1e-16,6.0,pe,0.004849672317504883,3.3526721170408667e-14,-1.676336057641552e-14,5.048017159223087,5.048017160105291,2.3687050781247055e-14
150.0,150.0,250.0,250.0,2048.0,2048.0,1.0000000000000004,1.0000000000000002,1.0,1.0,100.00000000000004,100.00000000000003,5.0,5.0,5e-16,2.0,pe,0.0022983551025390625,3.828298857822609e-13,3.8282988524291237e-13,5.132271870724542,5.132271873134736,3.947841796874419e-14
150.0,150.0,250.0,250.0,4096.0,4096.0,1.000000000008066,1.0000000000000002,1.0,1.0,100.0000000008066,100.00000000000003,5.0,5.0,1e-20,55067.0,pe,49.98061275482178,1.5996772905810985e-12,-8.419354199970618e-15,5.040476489651412,5.04047648186512,2.1739578124997403e-14
150.0,150.0,250.0,250.0,4096.0,4096.0,1.0000000000015898,1.0000000000000002,1.0,1.0,100.00000000015899,100.00000000000003,5.0,5.0,5e-20,11014.0,pe,9.972293138504028,4.714826003565948e-13,-6.735465703772451e-14,5.040480882299983,5.040480886193264,2.17407656249974e-14
150.0,150.0,250.0,250.0,4096.0,4096.0,1.0000000000007385,1.0000000000000002,1.0,1.0,100.00000000007385,100.00000000000003,5.0,5.0,1e-19,5507.0,pe,4.993862152099609,2.5257996447698267e-13,-6.735465703772451e-14,5.040480882298417,5.040480886193264,2.17407656249974e-14
150.0,150.0,250.0,250.0,4096.0,4096.0,1.000000000000148,1.0000000000000002,1.0,1.0,100.00000000001481,100.00000000000003,5.0,5.0,5e-19,1102.0,pe,1.027414321899414,1.0102934365174717e-13,1.6838223894541892e-14,5.040524821794191,5.040524826525518,2.1752609374997397e-14
150.0,150.0,250.0,250.0,4096.0,4096.0,1.0000000000000773,1.0000000000000002,1.0,1.0,100.00000000000773,100.00000000000003,5.0,5.0,1e-18,551.0,pe,0.5151269435882568,5.051467182587568e-14,1.6838223894541892e-14,5.040524821794122,5.040524826525518,2.1752609374997397e-14
150.0,150.0,250.0,250.0,4096.0,4096.0,1.0000000000000167,1.0000000000000002,1.0,1.0,100.00000000000166,100.00000000000003,5.0,5.0,5e-18,111.0,pe,0.10217022895812988,-2.524849717899752e-14,9.257782264638817e-14,5.041112931517545,5.041112937748195,2.1910523437497372e-14
150.0,150.0,250.0,250.0,4096.0,4096.0,1.000000000000007,1.0000000000000002,1.0,1.0,100.00000000000071,100.00000000000003,5.0,5.0,1e-17,56.0,pe,0.05136871337890625,5.888718778845833e-14,3.364982157799925e-14,5.041853953106665,5.041853953876084,2.2107914062497338e-14
150.0,150.0,250.0,250.0,4096.0,4096.0,1.0000000000000018,1.0000000000000002,1.0,1.0,100.00000000000017,100.00000000000003,5.0,5.0,5e-17,12.0,pe,0.012328624725341797,1.1734352409643256e-13,-1.6763360576415583e-14,5.048017159223055,5.048017160105284,2.3687050781247055e-14
150.0,150.0,250.0,250.0,4096.0,4096.0,1.0000000000000009,1.0000000000000002,1.0,1.0,100.00000000000009,100.00000000000003,5.0,5.0,1e-16,6.0,pe,0.007082462310791016,-6.705344234081636e-14,-1.6763360576415583e-14,5.048017159223112,5.048017160105284,2.3687050781247055e-14
150.0,150.0,250.0,250.0,4096.0,4096.0,1.0000000000000002,1.0000000000000002,1.0,1.0,100.00000000000003,100.00000000000003,5.0,5.0,5e-16,2.0,pe,0.0035567283630371094,1.2760996192742767e-13,-7.656597704857583e-13,5.132271870724443,5.132271873134885,3.947841796874419e-14
150.0,150.0,400.0,400.0,512.0,512.0,0.7274456753737674,0.9864725617408852,1.0,1.0,72.74456753737674,98.64725617408851,5.0,5.0,1e-20,197195.0,pe,82.70602178573608,1.0980586180966522e-12,-0.21569727900012692,5.060739565912119,189.94298886250505,3.5403247558743245e-13
150.0,150.0,400.0,400.0,512.0,512.0,0.7274456754009867,0.986472568551326,1.0,1.0,72.74456754009867,98.64725685513261,5.0,5.0,5e-20,39441.0,pe,16.510106801986694,1.663688394629097e-13,-0.21570176525669452,5.060776863444818,189.94294111209535,3.540325371108699e-13
150.0,150.0,400.0,400.0,512.0,512.0,0.7274456754045667,0.9864725853075818,1.0,1.0,72.74456754045667,98.64725853075818,5.0,5.0,1e-19,19722.0,pe,8.34012508392334,1.49723679433557e-13,-0.21571280287274766,5.060870107742467,189.94282362694832,3.540326884780575e-13
150.0,150.0,400.0,400.0,512.0,512.0,0.7274456754074038,0.9864725853075818,1.0,1.0,72.74456754074038,98.64725853075818,5.0,5.0,5e-19,3946.0,pe,1.6604664325714111,4.158991095378491e-14,-0.21571280287274766,5.060870107741693,189.94282362694832,3.540326884780575e-13
150.0,150.0,400.0,400.0,512.0,512.0,0.7274456754077889,0.9864725853075818,1.0,1.0,72.74456754077889,98.64725853075818,5.0,5.0,1e-18,1974.0,pe,0.8371968269348145,8.31798219075732e-15,-0.21571280287274766,5.060870107741625,189.94282362694832,3.540326884780575e-13
150.0,150.0,400.0,400.0,512.0,512.0,0.7274456754080629,0.986473595322493,1.0,1.0,72.74456754080629,98.6473595322493,5.0,5.0,5e-18,397.0,pe,0.1656649112701416,-2.4871354030502836e-14,-0.21637741160440535,5.066465946916914,189.9357390752342,3.540418027358702e-13
150.0,150.0,400.0,400.0,512.0,512.0,0.7274456754080991,0.9864752834749483,1.0,1.0,72.74456754080991,98.64752834749483,5.0,5.0,1e-17,200.0,pe,0.0825188159942627,8.244810869785243e-15,-0.21748517220737035,5.075797494389611,189.92388513783735,3.5405699414212025e-13
150.0,150.0,400.0,400.0,512.0,512.0,0.7274456754081289,0.9864820980121758,1.0,1.0,72.74456754081288,98.64820980121758,5.0,5.0,5e-17,42.0,pe,0.017781972885131836,3.226104443094799e-14,-0.22191853287142493,5.113187386720259,189.87587580251568,3.541177900405583e-13
150.0,150.0,400.0,400.0,512.0,512.0,0.7274456754081325,0.9864820980121758,1.0,1.0,72.74456754081325,98.64820980121758,5.0,5.0,1e-16,22.0,pe,0.009446859359741211,1.6130522215473756e-14,-0.22191853287142493,5.113187386720284,189.87587580251568,3.541177900405583e-13
150.0,150.0,400.0,400.0,512.0,512.0,0.7274456754081355,0.9864820980121758,1.0,1.0,72.74456754081355,98.64820980121758,5.0,5.0,5e-16,6.0,pe,0.0028543472290039062,-4.8391566646421086e-14,-0.22191853287142493,5.113187386720291,189.87587580251568,3.541177900405583e-13
150.0,150.0,400.0,400.0,1024.0,1024.0,0.999999999989112,0.9999999999999999,1.0,1.0,99.9999999989112,99.99999999999999,5.0,5.0,1e-20,55067.0,pe,26.93193244934082,9.766450826751141e-13,1.6838708399941113e-14,5.040476489643586,5.040476481865133,2.1739578124997403e-14
150.0,150.0,400.0,400.0,1024.0,1024.0,0.9999999999978043,0.9999999999999999,1.0,1.0,99.99999999978043,99.99999999999999,5.0,5.0,5e-20,11014.0,pe,5.303703784942627,2.5257996447709287e-14,6.735465703772575e-14,5.040480882297683,5.040480886193233,2.17407656249974e-14
150.0,150.0,400.0,400.0,1024.0,1024.0,0.9999999999989028,0.9999999999999999,1.0,1.0,99.99999999989028,99.99999999999999,5.0,5.0,1e-19,5507.0,pe,2.695842981338501,5.893532504465256e-14,6.735465703772575e-14,5.040480882297753,5.040480886193233,2.17407656249974e-14
150.0,150.0,400.0,400.0,1024.0,1024.0,0.9999999999997782,0.9999999999999999,1.0,1.0,99.99999999997782,99.99999999999999,5.0,5.0,5e-19,1102.0,pe,0.5372054576873779,8.41911197097985e-15,8.419111947270787e-15,5.040524821794008,5.04052482652555,2.1752609374997397e-14
150.0,150.0,400.0,400.0,1024.0,1024.0,0.9999999999998915,0.9999999999999999,1.0,1.0,99.99999999998916,99.99999999999999,5.0,5.0,1e-18,551.0,pe,0.2754514217376709,-8.419111970979662e-15,8.419111947270787e-15,5.040524821794046,5.04052482652555,2.1752609374997397e-14
150.0,150.0,400.0,400.0,1024.0,1024.0,0.9999999999999795,0.9999999999999998,1.0,1.0,99.99999999999794,99.99999999999997,5.0,5.0,5e-18,111.0,pe,0.053559064865112305,-3.3664662905330026e-14,7.574549125613523e-14,5.041112931517545,5.041112937748206,2.1910523437497372e-14
150.0,150.0,400.0,400.0,1024.0,1024.0,0.9999999999999889,0.9999999999999998,1.0,1.0,99.99999999999889,99.99999999999997,5.0,5.0,1e-17,56.0,pe,0.02838420867919922,2.5237366195053283e-14,8.412455394499658e-15,5.041853953106684,5.041853953876115,2.2107914062497338e-14
150.0,150.0,400.0,400.0,1024.0,1024.0,0.9999999999999978,0.9999999999999999,1.0,1.0,99.99999999999977,99.99999999999999,5.0,5.0,5e-17,12.0,pe,0.006386518478393555,5.0290081755612643e-14,-1.6763360576415397e-14,5.048017159223099,5.048017160105303,2.3687050781247055e-14
150.0,150.0,400.0,400.0,1024.0,1024.0,0.999999999999999,0.9999999999999999,1.0,1.0,99.9999999999999,99.99999999999999,5.0,5.0,1e-16,6.0,pe,0.0037195682525634766,1.005801635112264e-13,-1.6763360576415397e-14,5.048017159223081,5.048017160105303,2.3687050781247055e-14
150.0,150.0,400.0,400.0,1024.0,1024.0,1.0,1.0000000000000002,1.0,1.0,100.0,100.00000000000003,5.0,5.0,5e-16,2.0,pe,0.0017299652099609375,-3.828298857822386e-13,-1.2760996174763009e-13,5.132271870724641,5.132271873134835,3.947841796874419e-14
150.0,150.0,400.0,400.0,2048.0,2048.0,1.0000000000062284,1.0000000000000002,1.0,1.0,100.00000000062283,100.00000000000003,5.0,5.0,1e-20,55067.0,pe,36.11767292022705,-1.986967581996648e-12,1.6838708399941113e-14,5.040476489641514,5.040476481865133,2.1739578124997403e-14
150.0,150.0,400.0,400.0,2048.0,2048.0,1.0000000000013074,1.0000000000000002,1.0,1.0,100.00000000013074,100.00000000000003,5.0,5.0,5e-20,11014.0,pe,7.16982364654541,-4.5464393605878245e-13,1.683866425943125e-14,5.0404808822976275,5.040480886193252,2.17407656249974e-14
150.0,150.0,400.0,400.0,2048.0,2048.0,1.0000000000006908,1.0000000000000002,1.0,1.0,100.00000000006908,100.00000000000003,5.0,5.0,1e-19,5507.0,pe,3.7002296447753906,-2.7783796092476346e-13,1.683866425943125e-14,5.040480882297918,5.040480886193252,2.17407656249974e-14
150.0,150.0,400.0,400.0,2048.0,2048.0,1.0000000000001419,1.0000000000000002,1.0,1.0,100.00000000001418,100.00000000000003,5.0,5.0,5e-19,1102.0,pe,0.7363109588623047,-7.577200773881636e-14,0.0,5.040524821794059,5.04052482652555,2.1752609374997397e-14
150.0,150.0,400.0,400.0,2048.0,2048.0,1.0000000000000775,1.0000000000000002,1.0,1.0,100.00000000000774,100.00000000000003,5.0,5.0,1e-18,551.0,pe,0.36663055419921875,-1.0102934365175329e-13,0.0,5.04052482179409,5.04052482652555,2.1752609374997397e-14
150.0,150.0,400.0,400.0,2048.0,2048.0,1.000000000000013,1.0000000000000002,1.0,1.0,100.00000000000131,100.00000000000003,5.0,5.0,5e-18,111.0,pe,0.0788731575012207,-6.73293258106593e-14,-1.683233139025183e-14,5.041112931517564,5.041112937748251,2.1910523437497372e-14
150.0,150.0,400.0,400.0,2048.0,2048.0,1.0000000000000067,1.0000000000000002,1.0,1.0,100.00000000000067,100.00000000000003,5.0,5.0,1e-17,56.0,pe,0.037480831146240234,8.412455398350969e-15,0.0,5.04185395310671,5.041853953876121,2.2107914062497338e-14
150.0,150.0,400.0,400.0,2048.0,2048.0,1.0000000000000016,1.0,1.0,1.0,100.00000000000016,100.0,5.0,5.0,5e-17,12.0,pe,0.008603334426879883,0.0,1.6763360576415454e-14,5.048017159223112,5.048017160105298,2.3687050781247055e-14
150.0,150.0,400.0,400.0,2048.0,2048.0,1.0000000000000007,1.0,1.0,1.0,100.00000000000007,100.0,5.0,5.0,1e-16,6.0,pe,0.009159326553344727,-1.005801635112219e-13,1.6763360576415454e-14,5.048017159223155,5.048017160105298,2.3687050781247055e-14
150.0,150.0,400.0,400.0,2048.0,2048.0,1.0000000000000004,1.0000000000000004,1.0,1.0,100.00000000000004,100.00000000000004,5.0,5.0,5e-16,2.0,pe,0.0023403167724609375,8.932697334919936e-13,-1.0208796939809522e-12,5.132271870724443,5.132271873134983,3.947841796874419e-14
150.0,150.0,400.0,400.0,4096.0,4096.0,1.0000000000039173,1.0000000000000002,1.0,1.0,100.00000000039174,100.00000000000003,5.0,5.0,1e-20,55067.0,pe,50.358638525009155,-1.1787095825364449e-12,-1.6838708399941302e-14,5.04047648964713,5.040476481865114,2.1739578124997403e-14
150.0,150.0,400.0,400.0,4096.0,4096.0,1.0000000000007299,1.0000000000000002,1.0,1.0,100.00000000007299,100.00000000000003,5.0,5.0,5e-20,11014.0,pe,10.065767288208008,-2.357413001785038e-13,-1.6838664259431504e-14,5.040480882298512,5.040480886193226,2.17407656249974e-14
150.0,150.0,400.0,400.0,4096.0,4096.0,1.000000000000382,1.0000000000000002,1.0,1.0,100.0000000000382,100.00000000000003,5.0,5.0,1e-19,5507.0,pe,5.0251994132995605,-9.261265364158016e-14,-1.6838664259431504e-14,5.0404808822980565,5.040480886193226,2.17407656249974e-14
150.0,150.0,400.0,400.0,4096.0,4096.0,1.0000000000000573,1.0000000000000002,1.0,1.0,100.00000000000573,100.00000000000003,5.0,5.0,5e-19,1102.0,pe,1.0340955257415771,-5.0514671825879304e-14,-3.3676447789083784e-14,5.040524821794001,5.040524826525518,2.1752609374997397e-14
150.0,150.0,400.0,400.0,4096.0,4096.0,1.000000000000041,1.0000000000000002,1.0,1.0,100.0000000000041,100.00000000000003,5.0,5.0,1e-18,551.0,pe,0.5338640213012695,-4.209555985489781e-14,-3.3676447789083784e-14,5.040524821794065,5.040524826525518,2.1752609374997397e-14
150.0,150.0,400.0,400.0,4096.0,4096.0,1.000000000000005,1.0000000000000002,1.0,1.0,100.00000000000051,100.00000000000003,5.0,5.0,5e-18,111.0,pe,0.10196065902709961,0.0,-1.683233139025214e-14,5.0411129315175005,5.04111293774822,2.1910523437497372e-14
150.0,150.0,400.0,400.0,4096.0,4096.0,1.000000000000003,1.0000000000000002,1.0,1.0,100.00000000000031,100.00000000000003,5.0,5.0,1e-17,56.0,pe,0.0544583797454834,1.6824910796702502e-14,-8.412455394499783e-15,5.041853953106653,5.041853953876089,2.2107914062497338e-14
150.0,150.0,400.0,400.0,4096.0,4096.0,1.0000000000000007,1.0,1.0,1.0,100.00000000000007,100.0,5.0,5.0,5e-17,12.0,pe,0.012591838836669922,1.6763360585204333e-14,1.6763360576415836e-14,5.048017159223087,5.048017160105259,2.3687050781247055e-14
150.0,150.0,400.0,400.0,4096.0,4096.0,1.0000000000000004,1.0,1.0,1.0,100.00000000000004,100.0,5.0,5.0,1e-16,6.0,pe,0.007133960723876953,-5.029008175561244e-14,1.6763360576415836e-14,5.048017159223106,5.048017160105259,2.3687050781247055e-14
150.0,150.0,400.0,400.0,4096.0,4096.0,1.0,1.0,1.0,1.0,100.0,100.0,5.0,5.0,5e-16,2.0,pe,0.003605365753173828,-5.104398477096663e-13,-2.552199234952676e-13,5.132271870724591,5.132271873134785,3.947841796874419e-14
150.0,150.0,550.0,550.0,1024.0,1024.0,0.7274456320894506,0.9843556837859461,1.0,1.0,72.74456320894505,98.43556837859461,5.0,5.0,1e-20,65426.0,pe,31.55182909965515,-7.674448897781092,-0.15035963840109356,9.5104483352379,268.87148536909973,1.612383027344972e-13
150.0,150.0,550.0,550.0,1024.0,1024.0,0.7274456320967453,0.984355688363969,1.0,1.0,72.74456320967452,98.4355688363969,5.0,5.0,5e-20,13087.0,pe,6.247385740280151,-7.674480759349295,-0.15036423389993975,9.510582252494473,268.87143858472604,1.612383148194581e-13
150.0,150.0,550.0,550.0,1024.0,1024.0,0.7274456320908951,0.9843557113946304,1.0,1.0,72.7445632090895,98.43557113946304,5.0,5.0,1e-19,6545.0,pe,3.1473288536071777,-7.674640048973022,-0.150387350663223,9.511251841224926,268.8712032238003,1.6123837561047373e-13
150.0,150.0,550.0,550.0,1024.0,1024.0,0.7274456320640065,0.9843558035476325,1.0,1.0,72.74456320640064,98.43558035476325,5.0,5.0,5e-19,1311.0,pe,0.6436276435852051,-7.675276904053056,-0.15047981790432202,9.513930233888459,268.8702614239635,1.6123861877453616e-13
150.0,150.0,550.0,550.0,1024.0,1024.0,0.7274456319948392,0.984356034142627,1.0,1.0,72.74456319948392,98.4356034142627,5.0,5.0,1e-18,657.0,pe,0.3136765956878662,-7.676866920392713,-0.1507109873247546,9.520626479344287,268.8679044314819,1.612392266846925e-13
150.0,150.0,550.0,550.0,1024.0,1024.0,0.7274456319949206,0.984356034142627,1.0,1.0,72.74456319949206,98.4356034142627,5.0,5.0,5e-18,133.0,pe,0.06335592269897461,-7.67686692039222,-0.1507109873247546,9.520626479343912,268.8679044314819,1.612392266846925e-13
150.0,150.0,550.0,550.0,1024.0,1024.0,0.7274456312987512,0.9843583570661081,1.0,1.0,72.74456312987512,98.4358357066108,5.0,5.0,1e-17,68.0,pe,0.032377004623413086,-7.692601962781202,-0.15302306448478548,9.58760948482984,268.8441357832468,1.612453065186769e-13
150.0,150.0,550.0,550.0,1024.0,1024.0,0.727445625501391,0.9843780490840334,1.0,1.0,72.74456255013911,98.43780490840334,5.0,5.0,5e-17,16.0,pe,0.00796198844909668,-7.808436505157158,-0.17154291768287153,10.124732405266016,268.6409971765589,1.6129398706066924e-13
150.0,150.0,550.0,550.0,1024.0,1024.0,0.727445625501392,0.9843780490840334,1.0,1.0,72.74456255013921,98.43780490840334,5.0,5.0,1e-16,9.0,pe,0.004796504974365234,-7.808436505157138,-0.17154291768287153,10.124732405266016,268.6409971765589,1.6129398706066924e-13
150.0,150.0,550.0,550.0,1024.0,1024.0,0.727445567733707,0.9845888666223974,1.0,1.0,72.7445567733707,98.45888666223973,5.0,5.0,5e-16,4.0,pe,0.002298593521118164,-8.32164913576609,-0.3122283365191585,14.199258725734202,266.3750723430517,1.6166214013684216e-13
150.0,150.0,550.0,550.0,2048.0,2048.0,1.0000000000040166,1.0000000000000002,1.0,1.0,100.00000000040166,100.00000000000003,5.0,5.0,1e-20,55067.0,pe,35.79904055595398,6.903870412007353e-13,5.893547939979545e-14,5.0404764896451395,5.040476481865088,2.1739578124997403e-14
150.0,150.0,550.0,550.0,2048.0,2048.0,1.0000000000007938,1.0000000000000002,1.0,1.0,100.00000000007938,100.00000000000003,5.0,5.0,5e-20,11014.0,pe,7.581582069396973,1.1787065008926346e-13,0.0,5.040480882298347,5.04048088619322,2.17407656249974e-14
150.0,150.0,550.0,550.0,2048.0,2048.0,1.000000000000394,1.0000000000000002,1.0,1.0,100.00000000003939,100.00000000000003,5.0,5.0,1e-19,5507.0,pe,3.5638790130615234,7.577398934311676e-14,0.0,5.0404808822979295,5.04048088619322,2.17407656249974e-14
150.0,150.0,550.0,550.0,2048.0,2048.0,1.00000000000009,1.0000000000000002,1.0,1.0,100.000000000009,100.00000000000003,5.0,5.0,5e-19,1102.0,pe,0.777672290802002,0.0,-1.6838223894541892e-14,5.040524821794053,5.040524826525518,2.1752609374997397e-14
150.0,150.0,550.0,550.0,2048.0,2048.0,1.000000000000035,1.0000000000000002,1.0,1.0,100.00000000000351,100.00000000000003,5.0,5.0,1e-18,551.0,pe,0.3821125030517578,-6.73528957678373e-14,-1.6838223894541892e-14,5.040524821794046,5.040524826525518,2.1752609374997397e-14
150.0,150.0,550.0,550.0,2048.0,2048.0,1.0000000000000073,1.0000000000000002,1.0,1.0,100.00000000000074,100.00000000000003,5.0,5.0,5e-18,111.0,pe,0.07273650169372559,2.5248497178998366e-14,6.732932556100983e-14,5.041112931517489,5.041112937748188,2.1910523437497372e-14
150.0,150.0,550.0,550.0,2048.0,2048.0,1.0000000000000042,1.0000000000000002,1.0,1.0,100.00000000000043,100.00000000000003,5.0,5.0,1e-17,56.0,pe,0.036522865295410156,5.04747323901077e-14,-5.04747323669987e-14,5.041853953106647,5.041853953876089,2.2107914062497338e-14
150.0,150.0,550.0,550.0,2048.0,2048.0,1.0000000000000009,1.0000000000000002,1.0,1.0,100.00000000000009,100.00000000000003,5.0,5.0,5e-17,12.0,pe,0.008724451065063477,1.6763360585204466e-14,0.0,5.048017159223074,5.048017160105272,2.3687050781247055e-14
150.0,150.0,550.0,550.0,2048.0,2048.0,1.0000000000000004,1.0000000000000002,1.0,1.0,100.00000000000004,100.00000000000003,5.0,5.0,1e-16,6.0,pe,0.004826784133911133,1.6763360585204466e-14,0.0,5.048017159223074,5.048017160105272,2.3687050781247055e-14
150.0,150.0,550.0,550.0,2048.0,2048.0,1.0000000000000002,1.0000000000000002,1.0,1.0,100.00000000000003,100.00000000000003,5.0,5.0,5e-16,2.0,pe,0.0023157596588134766,0.0,-8.932697322334107e-13,5.132271870724443,5.132271873134835,3.947841796874419e-14
150.0,150.0,550.0,550.0,4096.0,4096.0,1.0000000000085107,1.0000000000000002,1.0,1.0,100.00000000085107,100.00000000000003,5.0,5.0,1e-20,55067.0,pe,50.88905167579651,7.072257495231191e-13,1.683870839994149e-14,5.0404764896441545,5.0404764818650944,2.1739578124997403e-14
150.0,150.0,550.0,550.0,4096.0,4096.0,1.0000000000015108,1.0000000000000004,1.0,1.0,100.00000000015108,100.00000000000004,5.0,5.0,5e-20,11014.0,pe,10.184029340744019,2.5257996447711464e-14,1.6838664259431627e-14,5.040480882297539,5.0404808861932135,2.17407656249974e-14
150.0,150.0,550.0,550.0,4096.0,4096.0,1.0000000000007638,1.0000000000000004,1.0,1.0,100.00000000007638,100.00000000000004,5.0,5.0,1e-19,5507.0,pe,5.1004791259765625,7.577398934313041e-14,1.6838664259431627e-14,5.0404808822976275,5.0404808861932135,2.17407656249974e-14
150.0,150.0,550.0,550.0,4096.0,4096.0,1.0000000000001437,1.0000000000000002,1.0,1.0,100.00000000001437,100.00000000000003,5.0,5.0,5e-19,1102.0,pe,1.0262250900268555,4.209555985490114e-14,1.6838223894542015e-14,5.040524821793933,5.040524826525505,2.1752609374997397e-14
150.0,150.0,550.0,550.0,4096.0,4096.0,1.0000000000000697,1.0000000000000002,1.0,1.0,100.00000000000698,100.00000000000003,5.0,5.0,1e-18,551.0,pe,0.5115859508514404,-8.419111970979783e-15,1.6838223894542015e-14,5.040524821794022,5.040524826525505,2.1752609374997397e-14
150.0,150.0,550.0,550.0,4096.0,4096.0,1.000000000000016,1.0000000000000002,1.0,1.0,100.00000000000159,100.00000000000003,5.0,5.0,5e-18,111.0,pe,0.11983823776245117,-5.891316008432909e-14,2.524849708537859e-14,5.0411129315175005,5.041112937748195,2.1910523437497372e-14
150.0,150.0,550.0,550.0,4096.0,4096.0,1.000000000000008,1.0000000000000002,1.0,1.0,100.0000000000008,100.00000000000003,5.0,5.0,1e-17,56.0,pe,0.05173659324645996,-8.412455398351221e-15,4.2062276972499394e-14,5.041853953106659,5.04185395387607,2.2107914062497338e-14
150.0,150.0,550.0,550.0,4096.0,4096.0,1.000000000000002,1.0000000000000002,1.0,1.0,100.0000000000002,100.00000000000003,5.0,5.0,5e-17,12.0,pe,0.012427568435668945,-8.381680292602107e-14,-6.705344230566309e-14,5.048017159223099,5.048017160105266,2.3687050781247055e-14
150.0,150.0,550.0,550.0,4096.0,4096.0,1.0000000000000009,1.0000000000000002,1.0,1.0,100.00000000000009,100.00000000000003,5.0,5.0,1e-16,6.0,pe,0.007132291793823242,5.029008175561376e-14,-6.705344230566309e-14,5.048017159223062,5.048017160105266,2.3687050781247055e-14
150.0,150.0,550.0,550.0,4096.0,4096.0,1.0000000000000004,1.0000000000000004,1.0,1.0,100.00000000000004,100.00000000000004,5.0,5.0,5e-16,2.0,pe,0.003597736358642578,7.656597715646106e-13,1.2760996174764117e-13,5.1322718707243435,5.132271873134687,3.947841796874419e-14
150.0,150.0,700.0,700.0,1024.0,1024.0,0.7274456753931715,0.9889962824616892,1.0,1.0,72.74456753931715,98.89962824616893,5.0,5.0,1e-20,118825.0,pe,56.92017650604248,-3.803054692028202e-13,-0.11956464374878124,3.709179329825886,339.6637615593309,3.8847389404478365e-13
150.0,150.0,700.0,700.0,1024.0,1024.0,0.7274456754051475,0.9889962853692517,1.0,1.0,72.74456754051475,98.89962853692516,5.0,5.0,5e-20,23767.0,pe,11.395610094070435,-2.324031339573505e-13,-0.11956873296103547,3.7092099936701506,339.66371886472774,3.8847393066587746e-13
150.0,150.0,700.0,700.0,1024.0,1024.0,0.7274456754066316,0.9889962925415308,1.0,1.0,72.74456754066317,98.89962925415307,5.0,5.0,1e-19,11885.0,pe,5.679036855697632,2.1126247713922563e-14,-0.11957881968471247,3.709286654430038,339.6636135453078,3.884740209979085e-13
150.0,150.0,700.0,700.0,1024.0,1024.0,0.7274456754078387,0.9889963212735798,1.0,1.0,72.74456754078386,98.89963212735799,5.0,5.0,5e-19,2379.0,pe,1.144118070602417,-6.336302652623471e-14,-0.11961922110418605,3.7095933138814665,339.6631916118038,3.8847438281431477e-13
150.0,150.0,700.0,700.0,1024.0,1024.0,0.7274456754079823,0.9889963931134524,1.0,1.0,72.74456754079823,98.89963931134524,5.0,5.0,1e-18,1191.0,pe,0.5668315887451172,-1.0553958639239269e-13,-0.11972019740443506,3.710360077357108,339.66213645716994,3.8847528711118985e-13
150.0,150.0,700.0,700.0,1024.0,1024.0,0.7274456754081066,0.988996536956903,1.0,1.0,72.74456754081065,98.8996536956903,5.0,5.0,5e-18,240.0,pe,0.162888765335083,-2.1081758211390835e-14,-0.11992220458469871,3.711894096164073,339.66002298192257,3.8847709619322093e-13
150.0,150.0,700.0,700.0,1024.0,1024.0,0.7274456754081213,0.988996536956903,1.0,1.0,72.74456754081213,98.8996536956903,5.0,5.0,1e-17,121.0,pe,0.060185909271240234,0.0,-0.11992220458469871,3.711894096164073,339.66002298192257,3.8847709619322093e-13
150.0,150.0,700.0,700.0,1024.0,1024.0,0.7274456754081337,0.9889979847469264,1.0,1.0,72.74456754081336,98.89979847469263,5.0,5.0,5e-17,26.0,pe,0.01765298843383789,-1.4575349368439758e-13,-0.12194255377878821,3.7272701827608508,339.63869495305505,3.8849518945493986e-13
150.0,150.0,700.0,700.0,1024.0,1024.0,0.7274456754081351,0.9889979847469264,1.0,1.0,72.7445675408135,98.89979847469263,5.0,5.0,1e-16,14.0,pe,0.007138252258300781,-4.164385533839931e-14,-0.12194255377878821,3.7272701827608508,339.63869495305505,3.8849518945493986e-13
150.0,150.0,700.0,700.0,1024.0,1024.0,0.7274456754081366,0.9890492937812865,1.0,1.0,72.74456754081366,98.90492937812864,5.0,5.0,5e-16,5.0,pe,0.0028679370880126953,-5.757737116707744e-14,-0.1827608931549731,4.2153525825000955,338.83566352908804,3.8903968896666387e-13
150.0,150.0,700.0,700.0,2048.0,2048.0,1.0000000000041085,1.0,1.0,1.0,100.00000000041085,100.0,5.0,5.0,1e-20,55067.0,pe,35.95854353904724,-3.4519352060103455e-13,0.0,5.040476489641894,5.040476481865114,2.1739578124997403e-14
150.0,150.0,700.0,700.0,2048.0,2048.0,1.0000000000007447,1.0000000000000002,1.0,1.0,100.00000000007448,100.00000000000003,5.0,5.0,5e-20,11014.0,pe,7.227148056030273,2.5257996447717258e-14,0.0,5.040480882297153,5.040480886193226,2.17407656249974e-14
150.0,150.0,700.0,700.0,2048.0,2048.0,1.0000000000004527,1.0000000000000002,1.0,1.0,100.00000000004528,100.00000000000003,5.0,5.0,1e-19,5507.0,pe,3.575105667114258,-2.5257996447709852e-14,0.0,5.040480882297646,5.040480886193226,2.17407656249974e-14
150.0,150.0,700.0,700.0,2048.0,2048.0,1.000000000000086,1.0000000000000002,1.0,1.0,100.0000000000086,100.00000000000003,5.0,5.0,5e-19,1102.0,pe,0.7318170070648193,-8.419111970979911e-15,-3.3676447789083406e-14,5.040524821793996,5.0405248265255365,2.1752609374997397e-14
150.0,150.0,700.0,700.0,2048.0,2048.0,1.0000000000000422,1.0000000000000002,1.0,1.0,100.00000000000422,100.00000000000003,5.0,5.0,1e-18,551.0,pe,0.36714601516723633,8.419111970979883e-15,-3.3676447789083406e-14,5.040524821794001,5.0405248265255365,2.1752609374997397e-14
150.0,150.0,700.0,700.0,2048.0,2048.0,1.000000000000008,1.0000000000000002,1.0,1.0,100.0000000000008,100.00000000000003,5.0,5.0,5e-18,111.0,pe,0.08274269104003906,-5.049699435799597e-14,4.208082847563082e-14,5.041112931517514,5.041112937748201,2.1910523437497372e-14
150.0,150.0,700.0,700.0,2048.0,2048.0,1.0000000000000038,1.0000000000000002,1.0,1.0,100.00000000000038,100.00000000000003,5.0,5.0,1e-17,56.0,pe,0.036895036697387695,-6.729964318680876e-14,5.0474732366999075e-14,5.041853953106684,5.0418539538760765,2.2107914062497338e-14
150.0,150.0,700.0,700.0,2048.0,2048.0,1.0000000000000009,1.0000000000000002,1.0,1.0,100.00000000000009,100.00000000000003,5.0,5.0,5e-17,12.0,pe,0.008704662322998047,-1.0058016351122488e-13,-3.352672115283128e-14,5.048017159223106,5.048017160105278,2.3687050781247055e-14
150.0,150.0,700.0,700.0,2048.0,2048.0,1.0000000000000004,1.0000000000000002,1.0,1.0,100.00000000000004,100.00000000000003,5.0,5.0,1e-16,6.0,pe,0.004855632781982422,-1.0058016351122488e-13,-3.352672115283128e-14,5.048017159223106,5.048017160105278,2.3687050781247055e-14
150.0,150.0,700.0,700.0,2048.0,2048.0,1.0000000000000002,1.0000000000000002,1.0,1.0,100.00000000000003,100.00000000000003,5.0,5.0,5e-16,2.0,pe,0.0022950172424316406,-8.932697334919162e-13,-5.104398469905352e-13,5.132271870724591,5.132271873134785,3.947841796874419e-14
150.0,150.0,700.0,700.0,4096.0,4096.0,1.0000000000087423,1.0000000000000002,1.0000000000000002,1.0000000000000002,100.00000000087421,100.0,5.0,5.0,1e-20,55067.0,pe,50.8335382938385,5.556773746264066e-13,-2.5258062599911953e-14,5.040476489640833,5.040476481865114,2.1739578124997403e-14
150.0,150.0,700.0,700.0,4096.0,4096.0,1.0000000000016653,1.0000000000000002,1.0000000000000002,1.0000000000000002,100.00000000016651,100.0,5.0,5.0,5e-20,11014.0,pe,10.162722826004028,5.893532504466764e-14,0.0,5.040480882297324,5.04048088619322,2.17407656249974e-14
150.0,150.0,700.0,700.0,4096.0,4096.0,1.0000000000008349,1.0000000000000002,1.0000000000000002,1.0000000000000002,100.00000000008346,100.0,5.0,5.0,1e-19,5507.0,pe,5.131687641143799,-8.419332149238106e-14,0.0,5.040480882297349,5.04048088619322,2.17407656249974e-14
150.0,150.0,700.0,700.0,4096.0,4096.0,1.0000000000001663,1.0000000000000002,1.0000000000000002,1.0000000000000002,100.0000000000166,100.0,5.0,5.0,5e-19,1102.0,pe,1.020601749420166,-5.893378379685962e-14,5.893378363089752e-14,5.04052482179399,5.040524826525492,2.1752609374997397e-14
150.0,150.0,700.0,700.0,4096.0,4096.0,1.0000000000000795,1.0000000000000002,1.0000000000000002,1.0000000000000002,100.00000000000792,100.0,5.0,5.0,1e-18,551.0,pe,0.5181293487548828,-5.051467182587967e-14,5.893378363089752e-14,5.04052482179399,5.040524826525492,2.1752609374997397e-14
150.0,150.0,700.0,700.0,4096.0,4096.0,1.000000000000017,1.0000000000000002,1.0000000000000002,1.0000000000000002,100.00000000000168,100.0,5.0,5.0,5e-18,111.0,pe,0.11889529228210449,-2.5248497178998183e-14,4.2080828475630984e-14,5.0411129315175005,5.041112937748195,2.1910523437497372e-14
150.0,150.0,700.0,700.0,4096.0,4096.0,1.0000000000000082,1.0000000000000002,1.0000000000000002,1.0000000000000002,100.0000000000008,100.0,5.0,5.0,1e-17,56.0,pe,0.06687164306640625,-8.412455398351251e-15,1.6824910788999692e-14,5.041853953106653,5.0418539538760765,2.2107914062497338e-14
150.0,150.0,700.0,700.0,4096.0,4096.0,1.0000000000000018,1.0000000000000002,1.0000000000000002,1.0000000000000002,100.00000000000014,100.0,5.0,5.0,5e-17,12.0,pe,0.01241612434387207,1.6763360585204586e-14,3.352672115283167e-14,5.048017159223062,5.048017160105259,2.3687050781247055e-14
150.0,150.0,700.0,700.0,4096.0,4096.0,1.000000000000001,1.0000000000000002,1.0000000000000002,1.0000000000000002,100.00000000000009,100.0,5.0,5.0,1e-16,6.0,pe,0.007179737091064453,3.35267211704088e-14,3.352672115283167e-14,5.048017159223081,5.048017160105259,2.3687050781247055e-14
150.0,150.0,700.0,700.0,4096.0,4096.0,1.0000000000000004,1.0000000000000002,1.0000000000000002,1.0000000000000002,100.00000000000001,100.0,5.0,5.0,5e-16,2.0,pe,0.003576993942260742,1.2760996192742767e-13,-2.552199234952676e-13,5.132271870724443,5.132271873134785,3.947841796874419e-14
150.0,150.0,850.0,850.0,2048.0,2048.0,1.0000000000062024,1.0000000000000002,1.0,1.0,100.00000000062023,100.00000000000003,5.0,5.0,1e-20,55067.0,pe,35.81719732284546,-9.345483118709743e-13,3.367741679988274e-14,5.040476489642108,5.040476481865107,2.1739578124997403e-14
150.0,150.0,850.0,850.0,2048.0,2048.0,1.0000000000013736,1.0000000000000002,1.0,1.0,100.00000000013736,100.00000000000003,5.0,5.0,5e-20,11014.0,pe,7.349712610244751,-1.431286465369972e-13,5.051599277829488e-14,5.040480882297943,5.0404808861932135,2.17407656249974e-14
150.0,150.0,850.0,850.0,2048.0,2048.0,1.0000000000006382,1.0000000000000002,1.0,1.0,100.00000000006382,100.00000000000003,5.0,5.0,1e-19,5507.0,pe,3.618772029876709,-1.3470931438777827e-13,5.051599277829488e-14,5.040480882297741,5.0404808861932135,2.17407656249974e-14
150.0,150.0,850.0,850.0,2048.0,2048.0,1.0000000000001292,1.0000000000000002,1.0,1.0,100.00000000001292,100.00000000000003,5.0,5.0,5e-19,1102.0,pe,0.7110781669616699,-5.0514671825877574e-14,-1.683822389454183e-14,5.040524821794059,5.040524826525524,2.1752609374997397e-14
150.0,150.0,850.0,850.0,2048.0,2048.0,1.0000000000000588,1.0000000000000002,1.0,1.0,100.00000000000588,100.00000000000003,5.0,5.0,1e-18,551.0,pe,0.3770143985748291,-3.3676447883919266e-14,-1.683822389454183e-14,5.040524821794015,5.040524826525524,2.1752609374997397e-14
150.0,150.0,850.0,850.0,2048.0,2048.0,1.0000000000000129,1.0000000000000002,1.0,1.0,100.0000000000013,100.00000000000003,5.0,5.0,5e-18,111.0,pe,0.07169580459594727,8.416165726332727e-15,-2.524849708537821e-14,5.0411129315175005,5.04111293774822,2.1910523437497372e-14
150.0,150.0,850.0,850.0,2048.0,2048.0,1.0000000000000067,1.0000000000000002,1.0,1.0,100.00000000000067,100.00000000000003,5.0,5.0,1e-17,56.0,pe,0.03636503219604492,5.04747323901075e-14,8.412455394499783e-15,5.041853953106653,5.041853953876089,2.2107914062497338e-14
150.0,150.0,850.0,850.0,2048.0,2048.0,1.0000000000000013,1.0000000000000002,1.0,1.0,100.00000000000013,100.00000000000003,5.0,5.0,5e-17,12.0,pe,0.008973360061645508,0.0,0.0,5.048017159223087,5.048017160105284,2.3687050781247055e-14
150.0,150.0,850.0,850.0,2048.0,2048.0,1.0000000000000007,1.0000000000000002,1.0,1.0,100.00000000000007,100.00000000000003,5.0,5.0,1e-16,6.0,pe,0.004822492599487305,8.381680292602261e-14,0.0,5.048017159223068,5.048017160105284,2.3687050781247055e-14
150.0,150.0,850.0,850.0,2048.0,2048.0,1.0000000000000004,1.0000000000000002,1.0,1.0,100.00000000000004,100.00000000000003,5.0,5.0,5e-16,2.0,pe,0.002330780029296875,-2.552199238548406e-13,-1.1484896557286374e-12,5.132271870724542,5.132271873134885,3.947841796874419e-14
150.0,150.0,850.0,850.0,4096.0,4096.0,1.0000000000103293,1.0000000000000002,1.0000000000000002,1.0000000000000002,100.0000000010329,100.0,5.0,5.0,1e-20,55067.0,pe,50.89149451255798,-6.398709162352006e-13,-5.89354793997939e-14,5.040476489644162,5.040476481865133,2.1739578124997403e-14
150.0,150.0,850.0,850.0,4096.0,4096.0,1.000000000002076,1.0000000000000002,1.0000000000000002,1.0000000000000002,100.00000000020756,100.0,5.0,5.0,5e-20,11014.0,pe,10.259924411773682,-3.28353953820112e-13,-2.525799638914706e-14,5.04048088229824,5.040480886193239,2.17407656249974e-14
150.0,150.0,850.0,850.0,4096.0,4096.0,1.0000000000010658,1.0000000000000002,1.0000000000000002,1.0000000000000002,100.00000000010655,100.0,5.0,5.0,1e-19,5507.0,pe,5.0638062953948975,-1.094513179400592e-13,-2.525799638914706e-14,5.040480882297905,5.040480886193239,2.17407656249974e-14
150.0,150.0,850.0,850.0,4096.0,4096.0,1.0000000000002107,1.0000000000000002,1.0000000000000002,1.0000000000000002,100.00000000002105,100.0,5.0,5.0,5e-19,1102.0,pe,1.0327932834625244,4.209555985489861e-14,-5.051467168362492e-14,5.040524821794033,5.040524826525543,2.1752609374997397e-14
150.0,150.0,850.0,850.0,4096.0,4096.0,1.0000000000001088,1.0000000000000002,1.0000000000000002,1.0000000000000002,100.00000000001086,100.0,5.0,5.0,1e-18,551.0,pe,0.5121803283691406,-5.0514671825877776e-14,-5.051467168362492e-14,5.040524821794053,5.040524826525543,2.1752609374997397e-14
150.0,150.0,850.0,850.0,4096.0,4096.0,1.0000000000000218,1.0000000000000004,1.0000000000000002,1.0000000000000002,100.00000000000215,100.00000000000001,5.0,5.0,5e-18,111.0,pe,0.10105538368225098,-8.416165726332634e-15,-4.2080828475630043e-14,5.04111293151752,5.041112937748232,2.1910523437497372e-14
150.0,150.0,850.0,850.0,4096.0,4096.0,1.0000000000000118,1.0000000000000002,1.0000000000000002,1.0000000000000002,100.00000000000115,100.0,5.0,5.0,1e-17,56.0,pe,0.052111148834228516,-8.41245539835119e-15,-1.6824910788999436e-14,5.041853953106665,5.041853953876102,2.2107914062497338e-14
150.0,150.0,850.0,850.0,4096.0,4096.0,1.0000000000000027,1.0000000000000002,1.0000000000000002,1.0000000000000002,100.00000000000024,100.0,5.0,5.0,5e-17,12.0,pe,0.01240396499633789,-3.352672117040855e-14,-6.705344230566233e-14,5.048017159223093,5.048017160105284,2.3687050781247055e-14
150.0,150.0,850.0,850.0,4096.0,4096.0,1.0000000000000013,1.0000000000000002,1.0000000000000002,1.0000000000000002,100.0000000000001,100.0,5.0,5.0,1e-16,6.0,pe,0.007066488265991211,-6.705344234081659e-14,-6.705344230566233e-14,5.048017159223106,5.048017160105284,2.3687050781247055e-14
150.0,150.0,850.0,850.0,4096.0,4096.0,1.0000000000000004,1.0000000000000002,1.0000000000000002,1.0000000000000002,100.00000000000001,100.0,5.0,5.0,5e-16,2.0,pe,0.0035245418548583984,8.932697334920197e-13,-2.552199234952676e-13,5.132271870724393,5.132271873134785,3.947841796874419e-14
150.0,150.0,1000.0,1000.0,2048.0,2048.0,0.9999999604560359,0.9999999604484293,1.0,1.0,99.9999960456036,99.99999604484293,5.0,5.0,1e-20,62638.0,pe,39.88971281051636,-3.3502826122391745,-3.350282637645745,22.40160593793218,22.40160677133521,2.4728492187496863e-14
150.0,150.0,1000.0,1000.0,2048.0,2048.0,0.9999999604472682,0.9999999604458683,1.0,1.0,99.99999604472683,99.99999604458682,5.0,5.0,5e-20,12528.0,pe,7.958330392837524,-3.3503033126380566,-3.350303324766352,22.402285353015458,22.4022857511088,2.4729281249996864e-14
150.0,150.0,1000.0,1000.0,2048.0,2048.0,0.999999960446611,0.9999999604458683,1.0,1.0,99.9999960446611,99.99999604458682,5.0,5.0,1e-19,6264.0,pe,3.9951634407043457,-3.3503033126367847,-3.350303324766352,22.402285353018623,22.4022857511088,2.4729281249996864e-14
150.0,150.0,1000.0,1000.0,2048.0,2048.0,0.9999999604331987,0.9999999604330619,1.0,1.0,99.99999604331987,99.9999960433062,5.0,5.0,5e-19,1253.0,pe,0.8800148963928223,-3.350406788529742,-3.3504067343732906,22.405682444248924,22.4056806659188,2.4733226562496867e-14
150.0,150.0,1000.0,1000.0,2048.0,2048.0,0.9999999603690226,0.9999999603689466,1.0,1.0,99.99999603690226,99.99999603689466,5.0,5.0,1e-18,627.0,pe,0.43898916244506836,-3.350923518014697,-3.350923541865425,22.4226682990383,22.42266908389825,2.4752968749996856e-14
150.0,150.0,1000.0,1000.0,2048.0,2048.0,0.9999999599831948,0.999999959983169,1.0,1.0,99.99999599831948,99.9999959983169,5.0,5.0,5e-18,126.0,pe,0.09897303581237793,-3.354001296364494,-3.3540013779505116,22.524597303596135,22.524600022860582,2.487140624999684e-14
150.0,150.0,1000.0,1000.0,2048.0,2048.0,0.9999999599831867,0.999999959983169,1.0,1.0,99.99999599831867,99.9999959983169,5.0,5.0,1e-17,63.0,pe,0.03986787796020508,-3.354001296364543,-3.3540013779505116,22.524597303596174,22.524600022860582,2.487140624999684e-14
150.0,150.0,1000.0,1000.0,2048.0,2048.0,0.9999999573614612,0.9999999573614691,1.0,1.0,99.99999573614612,99.9999957361469,5.0,5.0,5e-17,13.0,pe,0.009185552597045898,-3.3735711917672404,-3.373571127721416,23.20471059369904,23.204708272481877,2.5660968749996692e-14
150.0,150.0,1000.0,1000.0,2048.0,2048.0,0.999999950424743,0.9999999504247485,1.0,1.0,99.9999950424743,99.99999504247485,5.0,5.0,1e-16,7.0,pe,0.005388498306274414,-3.4161472694559896,-3.416147236276212,24.909003456849977,24.909001988519456,2.7634890624996337e-14
150.0,150.0,1000.0,1000.0,2048.0,2048.0,0.9999998968681899,0.9999998968681878,1.0,1.0,99.99998968681899,99.99998968681878,5.0,5.0,5e-16,2.0,pe,0.002277851104736328,-3.5608363145361337,-3.560836317255892,35.210818935614114,35.21081925386313,3.947841796874419e-14
150.0,150.0,1000.0,1000.0,4096.0,4096.0,1.000000000010871,1.0000000000000002,1.0,1.0,100.0000000010871,100.00000000000003,5.0,5.0,1e-20,55067.0,pe,49.745965242385864,-1.2629031241423932e-13,3.367741679988285e-14,5.040476489652182,5.0404764818651016,2.1739578124997403e-14
150.0,150.0,1000.0,1000.0,4096.0,4096.0,1.000000000002151,1.0000000000000002,1.0,1.0,100.0000000002151,100.00000000000003,5.0,5.0,5e-20,11014.0,pe,9.91470456123352,3.36773285969057e-14,0.0,5.04048088229968,5.040480886193239,2.17407656249974e-14
150.0,150.0,1000.0,1000.0,4096.0,4096.0,1.0000000000010678,1.0000000000000002,1.0,1.0,100.00000000010678,100.00000000000003,5.0,5.0,1e-19,5507.0,pe,5.068961143493652,-5.893532504462441e-14,0.0,5.040480882298556,5.040480886193239,2.17407656249974e-14
150.0,150.0,1000.0,1000.0,4096.0,4096.0,1.0000000000002154,1.0000000000000002,1.0,1.0,100.00000000002154,100.00000000000003,5.0,5.0,5e-19,1102.0,pe,1.0141234397888184,3.36764478839161e-14,4.2095559736354566e-14,5.040524821794173,5.040524826525524,2.1752609374997397e-14
150.0,150.0,1000.0,1000.0,4096.0,4096.0,1.0000000000001066,1.0000000000000002,1.0,1.0,100.00000000001066,100.00000000000003,5.0,5.0,1e-18,551.0,pe,0.5238122940063477,3.36764478839175e-14,4.2095559736354566e-14,5.040524821794103,5.040524826525524,2.1752609374997397e-14
150.0,150.0,1000.0,1000.0,4096.0,4096.0,1.0000000000000218,1.0000000000000002,1.0,1.0,100.00000000000217,100.00000000000003,5.0,5.0,5e-18,111.0,pe,0.10363936424255371,1.6832331452665268e-14,5.0496994170756817e-14,5.04111293151752,5.041112937748206,2.1910523437497372e-14
150.0,150.0,1000.0,1000.0,4096.0,4096.0,1.0000000000000102,1.0000000000000002,1.0,1.0,100.00000000000102,100.00000000000003,5.0,5.0,1e-17,56.0,pe,0.05507612228393555,-8.412455398351095e-15,0.0,5.041853953106684,5.041853953876102,2.2107914062497338e-14
150.0,150.0,1000.0,1000.0,4096.0,4096.0,1.0000000000000024,1.0000000000000002,1.0,1.0,100.00000000000024,100.00000000000003,5.0,5.0,5e-17,12.0,pe,0.01228189468383789,-1.1734352409642726e-13,3.352672115283128e-14,5.048017159223131,5.048017160105278,2.3687050781247055e-14
150.0,150.0,1000.0,1000.0,4096.0,4096.0,1.000000000000001,1.0000000000000002,1.0,1.0,100.00000000000011,100.00000000000003,5.0,5.0,1e-16,6.0,pe,0.007051706314086914,-1.6763360585204277e-14,3.352672115283128e-14,5.048017159223093,5.048017160105278,2.3687050781247055e-14
150.0,150.0,1000.0,1000.0,4096.0,4096.0,1.0000000000000004,1.0000000000000002,1.0,1.0,100.00000000000004,100.00000000000003,5.0,5.0,5e-16,2.0,pe,0.003584146499633789,2.552199238548479e-13,0.0,5.132271870724493,5.132271873134785,3.947841796874419e-14
